{
    "de": 0.0479,
    "la": 0.0269,
    "le": 0.0224,
    "et": 0.0204,
    "l": 0.0182,
    "\u00e0": 0.0182,
    "les": 0.0178,
    "est": 0.0158,
    "en": 0.0148,
    "des": 0.0141,
    "d": 0.0138,
    "un": 0.0129,
    "que": 0.0117,
    "a": 0.01,
    "pas": 0.01,
    "une": 0.01,
    "du": 0.00977,
    "il": 0.00955,
    "pour": 0.00955,
    "dans": 0.00813,
    "je": 0.00776,
    "qui": 0.00776,
    "c": 0.00741,
    "au": 0.00603,
    "ce": 0.00603,
    "sur": 0.00589,
    "qu": 0.00575,
    "par": 0.00525,
    "on": 0.00513,
    "ne": 0.0049,
    "plus": 0.00479,
    "avec": 0.00447,
    "j": 0.00447,
    "n": 0.00447,
    "mais": 0.00417,
    "se": 0.00363,
    "vous": 0.00363,
    "s": 0.00339,
    "\u00e7a": 0.00339,
    "tu": 0.00316,
    "elle": 0.00309,
    "son": 0.00295,
    "y": 0.00295,
    "ai": 0.00288,
    "ou": 0.00288,
    "si": 0.00288,
    "sont": 0.00282,
    "tout": 0.00275,
    "fait": 0.00269,
    "nous": 0.00269,
    "comme": 0.00257,
    "\u00eatre": 0.0024,
    "bien": 0.00234,
    "ils": 0.00229,
    "cette": 0.00224,
    "faire": 0.00219,
    "sa": 0.00219,
    "aux": 0.00209,
    "m\u00eame": 0.00209,
    "me": 0.00204,
    "ont": 0.00191,
    "t": 0.00191,
    "m": 0.00186,
    "\u00e9tait": 0.0017,
    "\u00e9t\u00e9": 0.00166,
    "mon": 0.00162,
    "ses": 0.00162,
    "lui": 0.00158,
    "aussi": 0.00155,
    "peut": 0.00155,
    "deux": 0.00151,
    "leur": 0.00148,
    "moi": 0.00148,
    "ces": 0.00135,
    "quand": 0.00135,
    "apr\u00e8s": 0.00132,
    "suis": 0.00132,
    "tr\u00e8s": 0.00132,
    "tous": 0.00129,
    "sans": 0.00126,
    "avoir": 0.0012,
    "non": 0.0012,
    "o\u00f9": 0.00117,
    "va": 0.00112,
    "encore": 0.0011,
    "alors": 0.00107,
    "avait": 0.00105,
    "entre": 0.00105,
    "temps": 0.00102,
    "ans": 0.001,
    "autres": 0.001,
    "dit": 0.001,
    "ma": 0.001,
    "l\u00e0": 0.000977,
    "peu": 0.000977,
    "autre": 0.000955,
    "france": 0.000955,
    "1": 0.000933,
    "2": 0.000933,
    "rien": 0.000933,
    "dire": 0.000912,
    "monde": 0.000912,
    "te": 0.000912,
    "fois": 0.000891,
    "faut": 0.000871,
    "toujours": 0.000871,
    "voir": 0.000871,
    "bon": 0.000851,
    "contre": 0.000851,
    "votre": 0.000851,
    "avant": 0.000832,
    "depuis": 0.000832,
    "donc": 0.000832,
    "notre": 0.000794,
    "sous": 0.000794,
    "jamais": 0.000776,
    "vie": 0.000776,
    "moins": 0.000741,
    "dont": 0.000724,
    "toi": 0.000724,
    "3": 0.000708,
    "d\u00e9j\u00e0": 0.000692,
    "quoi": 0.000692,
    "soit": 0.000676,
    "trop": 0.000676,
    "leurs": 0.000661,
    "ton": 0.000661,
    "toute": 0.000646,
    "chez": 0.000631,
    "gens": 0.000631,
    "juste": 0.000631,
    "oui": 0.000631,
    "vraiment": 0.000631,
    "ainsi": 0.000617,
    "as": 0.000617,
    "grand": 0.000617,
    "pays": 0.000617,
    "fran\u00e7ais": 0.000603,
    "mes": 0.000589,
    "beaucoup": 0.000562,
    "jour": 0.000562,
    "quelques": 0.000562,
    "comment": 0.00055,
    "es": 0.00055,
    "premier": 0.00055,
    "sera": 0.00055,
    "nos": 0.000537,
    "parce": 0.000537,
    "personne": 0.000537,
    "cela": 0.000525,
    "trois": 0.000525,
    "homme": 0.000513,
    "ici": 0.000513,
    "paris": 0.000513,
    "toutes": 0.000513,
    "vu": 0.000513,
    "cas": 0.000501,
    "chose": 0.000501,
    "doit": 0.000501,
    "partie": 0.000501,
    "4": 0.00049,
    "car": 0.000479,
    "eu": 0.000479,
    "mal": 0.000479,
    "premi\u00e8re": 0.000479,
    "5": 0.000468,
    "bonne": 0.000468,
    "fin": 0.000468,
    "mieux": 0.000468,
    "pendant": 0.000468,
    "petit": 0.000468,
    "puis": 0.000468,
    "ann\u00e9e": 0.000457,
    "cet": 0.000457,
    "ceux": 0.000457,
    "elles": 0.000457,
    "moment": 0.000457,
    "place": 0.000457,
    "plusieurs": 0.000457,
    "pourquoi": 0.000457,
    "ta": 0.000457,
    "ville": 0.000457,
    "jours": 0.000447,
    "mois": 0.000447,
    "vers": 0.000447,
    "histoire": 0.000437,
    "mort": 0.000437,
    "sais": 0.000437,
    "ann\u00e9es": 0.000427,
    "fais": 0.000427,
    "nouveau": 0.000427,
    "nouvelle": 0.000427,
    "part": 0.000427,
    "travail": 0.000427,
    "aujourd'hui": 0.000417,
    "compte": 0.000417,
    "merci": 0.000417,
    "prendre": 0.000417,
    "veut": 0.000417,
    "\u00e9tat": 0.000417,
    "aller": 0.000407,
    "cours": 0.000407,
    "peux": 0.000407,
    "politique": 0.000407,
    "reste": 0.000407,
    "veux": 0.000407,
    "vos": 0.000407,
    "ca": 0.000398,
    "celui": 0.000398,
    "chaque": 0.000398,
    "grande": 0.000398,
    "personnes": 0.000398,
    "femme": 0.000389,
    "nom": 0.000389,
    "prix": 0.000389,
    "\u00e9galement": 0.000389,
    "point": 0.00038,
    "seul": 0.00038,
    "vais": 0.00038,
    "eux": 0.000372,
    "lieu": 0.000372,
    "lors": 0.000372,
    "vrai": 0.000372,
    "droit": 0.000363,
    "selon": 0.000363,
    "coup": 0.000355,
    "mettre": 0.000355,
    "serait": 0.000355,
    "pense": 0.000347,
    "quelque": 0.000347,
    "tant": 0.000347,
    "avais": 0.000339,
    "groupe": 0.000339,
    "maintenant": 0.000339,
    "maison": 0.000339,
    "saint": 0.000339,
    "t\u00eate": 0.000339,
    "\u00e9taient": 0.000339,
    "6": 0.000331,
    "aime": 0.000331,
    "aurait": 0.000331,
    "avons": 0.000331,
    "enfants": 0.000331,
    "famille": 0.000331,
    "parler": 0.000331,
    "suite": 0.000331,
    "assez": 0.000324,
    "besoin": 0.000324,
    "demande": 0.000324,
    "genre": 0.000324,
    "savoir": 0.000324,
    "soci\u00e9t\u00e9": 0.000324,
    "trouve": 0.000324,
    "celle": 0.000316,
    "c\u00f4t\u00e9": 0.000316,
    "passe": 0.000316,
    "pouvoir": 0.000316,
    "question": 0.000316,
    "raison": 0.000316,
    "sens": 0.000316,
    "ailleurs": 0.000309,
    "avez": 0.000309,
    "certains": 0.000309,
    "ci": 0.000309,
    "devant": 0.000309,
    "dis": 0.000309,
    "jeu": 0.000309,
    "soir": 0.000309,
    "souvent": 0.000309,
    "effet": 0.000302,
    "g\u00e9n\u00e9ral": 0.000302,
    "jean": 0.000302,
    "jusqu'\u00e0": 0.000302,
    "ni": 0.000302,
    "partir": 0.000302,
    "surtout": 0.000302,
    "\u00e9quipe": 0.000302,
    "choses": 0.000295,
    "dernier": 0.000295,
    "enfin": 0.000295,
    "font": 0.000295,
    "nombre": 0.000295,
    "parle": 0.000295,
    "porte": 0.000295,
    "seulement": 0.000295,
    "site": 0.000295,
    "eau": 0.000288,
    "ensemble": 0.000288,
    "hommes": 0.000288,
    "petite": 0.000288,
    "femmes": 0.000282,
    "m\u00e8re": 0.000282,
    "passer": 0.000282,
    "pr\u00e8s": 0.000282,
    "quel": 0.000282,
    "quelqu'un": 0.000282,
    "tes": 0.000282,
    "vois": 0.000282,
    "aucun": 0.000275,
    "loi": 0.000275
}