{
  "de": 0.0479,
  "la": 0.0269,
  "le": 0.0224,
  "et": 0.0204,
  "les": 0.0178,
  "est": 0.0158,
  "en": 0.0148,
  "des": 0.0141,
  "un": 0.0129,
  "que": 0.0117,
  "pas": 0.01,
  "une": 0.01,
  "du": 0.00977,
  "il": 0.00955,
  "pour": 0.00955,
  "dans": 0.00813
}
